id,day,periods_first_week,periods_nb_weeks,H01,H02,H03,H04,H05,H06,H07,H08,H09,H10,H11,H12,courses_id,teachers_id,room_name,[classes_ids]
27071,MON,19,9,0,1,1,1,1,0,0,0,0,0,0,0,38,1468,C311,[1780]
26786,MON,10,9,0,0,0,0,0,0,1,1,1,1,0,0,43,1450,C307,[1784]
26785,MON,1,9,0,0,0,0,0,0,1,1,1,1,0,0,42,1450,C307,[1784]
27096,MON,1,36,0,0,1,1,1,0,0,0,0,0,0,0,22,1446,C315,[1794]
27101,MON,19,18,1,1,0,0,0,0,0,0,0,0,0,0,109,1447,C305,[1771]
27102,MON,19,18,0,0,0,0,0,0,1,1,0,0,0,0,109,1438,C305,[1772]
27120,MON,1,36,0,1,1,1,1,1,1,1,1,1,1,0,90,1465,-,-
27121,MON,1,36,0,1,1,1,1,1,1,1,1,1,1,0,90,1464,-,-
27127,MON,1,18,0,0,0,0,0,0,1,1,1,1,1,0,108,1451,C305,[1778]
26771,MON,10,9,0,0,0,0,0,0,1,1,1,1,0,0,24,,-,[1781]
26770,MON,19,9,0,0,0,0,0,0,1,1,1,1,0,0,25,,-,[1781]
26787,MON,19,9,0,0,0,0,0,0,1,1,1,1,0,0,44,1450,R106,[1784]
26788,MON,28,9,1,1,1,1,1,0,0,0,0,0,0,0,47,1458,R106,[1784]
27095,MON,1,36,0,1,0,0,0,0,0,0,0,0,0,0,119,1446,C315,[1794]
27072,MON,1,9,0,0,0,0,0,0,1,1,1,1,0,0,26,1458,R106,[1780]
27073,MON,28,9,0,1,1,1,1,0,0,0,0,0,0,0,40,1440,C311,[1780]
27074,MON,1,9,0,1,1,1,1,0,0,0,0,0,0,0,61,1468,C311,[1780]
26802,MON,28,9,0,0,0,0,0,0,1,1,1,1,1,0,47,1450,R106,[1784]
27075,MON,10,9,0,1,1,1,1,0,0,0,0,0,0,0,39,1468,C311,[1780]
27077,MON,19,18,1,1,1,1,1,0,0,0,0,0,0,0,115,1451,C103,[1777]
27078,MON,19,18,0,0,0,0,0,0,1,1,1,1,1,0,115,1451,C103,[1779]
27084,MON,1,36,0,0,0,0,0,0,0,0,0,0,0,1,86,1453,-,-
27089,MON,1,36,0,0,0,0,0,0,0,0,0,0,0,1,86,1450,-,-
26790,MON,10,9,0,1,1,1,1,0,0,0,0,0,0,0,58,1457,R106,[1784]
26769,MON,28,9,0,1,1,1,1,0,0,0,0,0,0,0,40,,-,[1781]
26768,MON,1,9,0,0,0,0,0,0,1,1,1,1,0,0,26,,-,[1781]
26767,MON,1,9,0,1,1,1,1,0,0,0,0,0,0,0,61,,-,[1781]
26753,MON,10,9,0,1,1,1,1,0,0,0,0,0,0,0,24,1453,C113,[1779]
26752,MON,1,9,0,1,1,1,1,0,0,0,0,0,0,0,25,1453,RR03,[1779]
27135,MON,28,9,0,0,0,0,0,0,1,1,1,1,0,0,27,1458,R123,[1797]
27136,MON,1,18,1,1,1,1,1,0,0,0,0,0,0,0,108,1460,C305,[1777]
27140,MON,1,36,0,0,1,0,0,0,0,0,0,0,0,0,139,1449,-,[1798]
26748,MON,1,18,0,1,1,1,1,0,0,0,0,0,0,0,34,1442,C103,[1778]
27141,MON,1,36,0,1,0,0,0,0,0,0,0,0,0,0,140,1449,-,[1798]
26745,MON,28,9,0,0,0,0,0,0,1,1,1,1,0,0,27,1452,RR05,[1778]
26744,MON,19,9,0,0,0,0,0,0,1,1,1,1,0,0,26,1456,RR05,[1778]
26742,MON,28,9,0,1,1,1,1,0,0,0,0,0,0,0,36,1444,RR05,[1778]
27134,MON,19,9,0,0,0,0,0,0,1,1,1,1,0,0,26,1452,R123,[1797]
27133,MON,10,9,0,1,1,1,1,0,0,0,0,0,0,0,30,1451,R123,[1797]
26756,MON,1,18,0,0,0,0,0,0,1,1,1,1,0,0,28,1441,C101,[1779]
26766,MON,10,9,0,1,1,1,1,0,0,0,0,0,0,0,39,,-,[1781]
26765,MON,28,9,0,0,0,0,0,0,1,1,1,1,0,0,35,,-,[1781]
26764,MON,19,9,0,1,1,1,1,0,0,0,0,0,0,0,38,,-,[1781]
27128,MON,10,9,0,0,0,0,0,0,1,1,1,1,0,0,25,1461,R123,[1797]
27129,MON,1,9,0,0,0,0,0,0,1,1,1,1,0,0,24,1461,R123,[1797]
27130,MON,19,9,0,1,1,1,1,0,0,0,0,0,0,0,35,1452,R123,[1797]
27131,MON,28,9,0,1,1,1,1,0,0,0,0,0,0,0,36,1452,R123,[1797]
27132,MON,1,9,0,1,1,1,1,0,0,0,0,0,0,0,29,1451,R123,[1797]
26758,MON,28,9,0,1,1,1,1,0,0,0,0,0,0,0,30,1460,C113,[1779]
26757,MON,19,9,0,1,1,1,1,0,0,0,0,0,0,0,29,1460,C113,[1779]
26741,MON,19,9,0,1,1,1,1,0,0,0,0,0,0,0,35,1444,RR05,[1778]
26906,MON,1,9,0,0,0,0,0,0,1,1,1,1,0,0,46,1457,R111,[1793]
26951,MON,1,36,0,1,1,0,0,0,0,0,0,0,0,0,103,,-,[1773]
26962,MON,1,36,0,0,0,0,0,0,0,0,0,1,1,0,101,,-,[1775]
26963,MON,1,36,0,0,0,0,0,0,0,0,0,1,1,0,101,,-,[1773]
26965,MON,1,36,0,0,1,0,0,0,0,0,0,0,0,0,101,,-,[1786]
26966,MON,1,36,0,0,1,0,0,0,0,0,0,0,0,0,101,,-,[1785]
26864,MON,14,13,0,0,0,0,0,0,1,1,1,1,0,0,82,1459,C313,[1792]
26863,MON,1,13,0,0,0,0,0,0,1,1,1,1,0,0,67,1459,C313,[1792]
26973,MON,1,36,0,0,0,0,0,0,0,0,1,0,0,0,99,,-,[1775]
26974,MON,1,36,0,0,0,0,0,0,0,0,1,0,0,0,99,,-,[1773]
26855,MON,1,13,0,1,1,1,1,0,0,0,0,0,0,0,70,1437,R104,[1792]
26950,MON,1,36,0,0,0,0,0,0,1,1,0,0,0,0,103,,-,[1775]
26946,MON,1,36,0,0,0,0,0,0,1,1,1,0,0,0,98,,-,[1786]
26945,MON,1,36,0,0,0,0,0,0,1,1,1,0,0,0,98,,-,[1785]
26908,MON,19,18,1,1,1,1,1,0,0,0,0,0,0,0,37,1462,C307,[1793]
26909,MON,1,9,0,1,1,1,1,0,0,0,0,0,0,0,42,1450,C307,[1793]
26910,MON,10,9,0,1,1,1,1,0,0,0,0,0,0,0,43,1450,C307,[1793]
26893,MON,14,13,0,0,0,1,1,0,0,0,0,0,0,0,79,1438,R104,[1792]
26914,MON,19,9,0,0,0,0,0,0,1,1,1,1,0,0,57,1463,R111,[1793]
26888,MON,19,18,1,1,0,0,0,0,0,0,0,0,0,0,84,1459,C313,[1787]
26932,MON,10,9,0,0,0,0,0,0,1,1,1,1,0,0,95,1463,R111,[1793]
26933,MON,14,13,0,1,1,0,0,0,0,0,0,0,0,0,79,1463,R104,[1792]
26940,MON,1,36,0,1,1,1,0,0,0,0,0,0,0,0,98,,-,[1775]
26941,MON,1,36,0,1,1,1,0,0,0,0,0,0,0,0,98,,-,[1773]
26976,MON,1,36,0,0,0,0,0,0,0,0,0,0,1,0,99,,-,[1786]
26977,MON,1,36,0,0,0,0,0,0,0,0,0,0,1,0,99,,-,[1785]
26984,MON,1,36,0,0,0,1,1,0,0,0,0,0,0,0,102,,-,[1786]
26824,MON,1,9,0,0,0,0,0,0,1,1,1,1,0,0,45,1463,R113,[1787]
27036,MON,19,18,0,0,1,1,1,0,0,0,0,0,0,0,108,1447,C305,[1771]
26820,MON,19,18,0,0,1,1,1,0,0,0,0,0,0,0,49,1459,C313,[1787]
27038,MON,19,18,0,0,0,0,0,0,0,0,1,1,1,0,108,1438,C305,[1772]
27051,MON,1,12,0,0,0,0,0,0,1,1,1,1,0,0,123,1449,C301,[1794]
27052,MON,13,12,0,0,0,0,0,0,1,1,1,1,0,0,9,1449,C301,[1794]
26814,MON,1,18,1,1,1,1,1,0,0,0,0,0,0,0,48,1441,C101,[1787]
27053,MON,25,12,0,0,0,0,0,0,1,1,1,1,0,0,9,1449,C301,[1794]
27068,MON,28,9,0,0,0,0,0,0,1,1,1,1,0,0,52,1459,C313,[1780]
27069,MON,10,9,0,0,0,0,0,0,1,1,1,1,0,0,55,1446,C315,[1780]
27033,MON,19,18,1,1,1,1,1,0,0,0,0,0,0,0,110,1453,C303,[1772]
26826,MON,19,9,0,0,0,0,0,0,1,1,1,1,0,0,44,1457,R113,[1787]
26828,MON,10,9,0,0,0,0,0,0,1,1,1,1,0,0,58,1457,R113,[1787]
26985,MON,1,36,0,0,0,1,1,0,0,0,0,0,0,0,102,,-,[1785]
26845,MON,1,13,0,0,0,0,0,0,1,1,1,1,0,0,73,1454,R105,[1791]
26991,MON,1,36,0,0,0,0,1,0,0,0,0,0,0,0,100,,-,[1775]
26992,MON,1,36,0,0,0,0,1,0,0,0,0,0,0,0,100,,-,[1773]
26839,MON,1,13,0,1,1,1,1,0,0,0,0,0,0,0,67,1459,R111,[1791]
26994,MON,1,36,0,0,0,0,0,0,0,0,0,1,0,0,100,,-,[1786]
26995,MON,1,36,0,0,0,0,0,0,0,0,0,1,0,0,100,,-,[1785]
26997,MON,14,13,0,0,0,0,0,0,1,1,1,1,0,0,73,1454,R105,[1791]
27013,MON,1,18,0,1,1,1,1,1,1,1,1,1,1,0,107,1456,-,-
27019,MON,14,13,0,1,1,1,1,0,0,0,0,0,0,0,71,1437,R105,[1791]
27070,MON,19,9,0,0,0,0,0,0,1,1,1,1,0,0,25,1445,RR06,[1780]
26738,MON,28,9,0,0,0,0,0,0,1,1,1,1,0,0,30,1460,RR03,[1777]
27274,MON,1,36,0,0,0,0,0,0,0,0,0,1,1,0,156,,-,[1798]
27232,MON,19,18,0,0,0,0,0,0,1,0,0,0,0,0,62,1448,C105,[1802]
26694,MON,1,9,0,1,1,1,1,0,0,0,0,0,0,0,19,1458,C303,[1772]
26671,MON,19,9,0,0,0,0,0,0,1,1,1,1,0,0,11,1468,C311,[1771]
26695,MON,10,9,0,1,1,1,1,0,0,0,0,0,0,0,6,1458,C303,[1772]
26670,MON,10,9,0,0,0,0,0,0,1,1,1,1,0,0,10,1443,RR05,[1771]
26650,MON,10,9,0,1,1,1,1,0,0,0,0,0,0,0,6,1440,C301,[1769]
27230,MON,19,18,1,0,0,0,0,0,0,0,0,0,0,0,62,1442,C105,[1802]
27212,MON,19,18,0,0,0,0,0,0,0,0,1,1,1,0,23,1455,C109,[1782]
27211,MON,19,18,0,0,0,0,0,0,1,1,0,0,0,0,88,1455,C109,[1782]
27210,MON,19,18,0,0,1,1,1,0,0,0,0,0,0,0,23,1455,C109,[1782]
27209,MON,19,18,1,1,0,0,0,0,0,0,0,0,0,0,88,1455,C109,[1782]
26649,MON,1,9,0,1,1,1,1,0,0,0,0,0,0,0,19,1440,C301,[1769]
27201,MON,28,9,0,0,0,0,0,0,1,1,1,1,1,0,47,1443,R111,[1793]
26669,MON,1,9,0,0,0,0,0,0,1,1,1,1,0,0,3,1443,RR05,[1771]
27198,MON,28,9,0,0,0,0,0,0,1,1,1,1,1,0,47,1442,R113,[1787]
27973,MON,1,18,0,0,0,0,0,0,1,0,0,0,0,0,62,1439,C108,[1783]
27233,MON,19,18,0,0,0,0,0,0,0,1,1,1,1,0,41,1448,C105,[1802]
26672,MON,28,9,0,0,0,0,0,0,1,1,1,1,0,0,12,1468,C311,[1771]
27275,MON,1,36,0,0,0,0,0,0,1,1,1,0,0,0,98,,-,[1798]
26664,MON,19,9,0,0,0,0,0,0,1,1,1,1,0,0,11,1446,C307,[1770]
26679,MON,1,9,0,1,1,1,1,0,0,0,0,0,0,0,19,1462,C313,[1771]
27276,MON,1,18,0,0,0,1,1,0,0,0,0,0,0,0,101,,-,[1798]
26680,MON,10,9,0,1,1,1,1,0,0,0,0,0,0,0,6,1462,C313,[1771]
26654,MON,10,9,0,1,1,1,1,0,0,0,0,0,0,0,10,1444,RR04,[1770]
26653,MON,1,9,0,1,1,1,1,0,0,0,0,0,0,0,3,1444,RR04,[1770]
27971,MON,1,18,1,0,0,0,0,0,0,0,0,0,0,0,62,1439,C108,[1783]
27972,MON,1,18,0,1,1,1,1,0,0,0,0,0,0,0,41,1439,C108,[1783]
26684,MON,1,9,0,0,0,0,0,0,1,1,1,1,0,0,3,1452,RR06,[1772]
26685,MON,10,9,0,0,0,0,0,0,1,1,1,1,0,0,10,1452,RR06,[1772]
27252,MON,1,18,0,0,0,0,0,0,0,1,1,1,1,0,41,1445,C105,[1802]
27251,MON,1,18,0,0,0,0,0,0,1,0,0,0,0,0,62,1445,C105,[1802]
27250,MON,1,18,0,1,1,1,1,0,0,0,0,0,0,0,41,1445,C105,[1802]
27249,MON,1,18,1,0,0,0,0,0,0,0,0,0,0,0,62,1445,C105,[1802]
26666,MON,19,9,0,1,1,1,1,0,0,0,0,0,0,0,15,1443,RR04,[1770]
27974,MON,1,18,0,0,0,0,0,0,0,1,1,1,1,0,41,1439,C108,[1783]
27277,MON,19,18,0,0,0,1,1,0,0,0,0,0,0,0,103,,-,[1798]
26717,MON,1,18,0,0,0,0,0,0,1,1,1,1,0,0,28,1447,C113,[1776]
26663,MON,10,9,0,0,0,0,0,0,1,1,1,1,0,0,6,1440,C311,[1770]
27159,MON,1,36,0,0,0,0,0,0,0,1,1,1,0,0,110,1453,C303,[1799]
26637,MON,1,9,0,0,0,0,0,0,1,1,1,1,0,0,3,1444,RR03,[1769]
26726,MON,28,9,0,0,0,0,0,0,1,1,1,1,0,0,36,1444,RR04,[1776]
27158,MON,1,36,0,0,0,0,0,0,1,0,0,0,0,0,118,1453,C303,[1799]
27231,MON,19,18,0,1,1,1,1,0,0,0,0,0,0,0,41,1442,C105,[1802]
27155,MON,1,36,0,0,1,1,1,0,0,0,0,0,0,0,128,1454,C309,[1799]
27154,MON,1,36,0,1,0,0,0,0,0,0,0,0,0,0,127,1454,C309,[1799]
26801,MON,19,9,0,1,1,1,1,0,0,0,0,0,0,0,51,1458,R106,[1784]
27978,MON,19,18,0,0,0,0,0,0,0,1,1,1,1,0,41,1466,C108,[1783]
26640,MON,28,9,0,0,0,0,0,0,1,1,1,1,0,0,12,1440,C315,[1769]
26639,MON,19,9,0,0,0,0,0,0,1,1,1,1,0,0,11,1440,C315,[1769]
26638,MON,10,9,0,0,0,0,0,0,1,1,1,1,0,0,10,1444,RR03,[1769]
26736,MON,1,18,0,0,0,0,0,0,1,1,1,1,0,0,34,1442,C103,[1777]
26737,MON,19,9,0,0,0,0,0,0,1,1,1,1,0,0,29,1460,RR03,[1777]
26718,MON,19,9,0,1,1,1,1,0,0,0,0,0,0,0,26,1456,C101,[1776]
27977,MON,19,18,0,0,0,0,0,0,1,0,0,0,0,0,62,1466,C108,[1783]
26662,MON,1,9,0,0,0,0,0,0,1,1,1,1,0,0,19,1440,C311,[1770]
27184,MON,1,18,0,0,0,0,0,0,0,0,1,1,1,0,23,1455,C109,[1782]
27183,MON,1,18,0,0,0,0,0,0,1,1,0,0,0,0,88,1455,C109,[1782]
27182,MON,1,18,0,0,1,1,1,0,0,0,0,0,0,0,23,1455,C109,[1782]
27181,MON,1,18,1,1,0,0,0,0,0,0,0,0,0,0,88,1455,C109,[1782]
26645,MON,28,9,0,1,1,1,1,0,0,0,0,0,0,0,16,1450,RR03,[1769]
26667,MON,28,9,0,1,1,1,1,0,0,0,0,0,0,0,16,1443,RR04,[1770]
27975,MON,19,18,1,0,0,0,0,0,0,0,0,0,0,0,62,1466,C108,[1783]
26715,MON,1,9,0,1,1,1,1,0,0,0,0,0,0,0,24,1466,RR03,[1776]
26716,MON,10,9,0,1,1,1,1,0,0,0,0,0,0,0,25,1466,C113,[1776]
26725,MON,19,9,0,0,0,0,0,0,1,1,1,1,0,0,35,1444,RR04,[1776]
26665,MON,28,9,0,0,0,0,0,0,1,1,1,1,0,0,12,1446,C307,[1770]
27976,MON,19,18,0,1,1,1,1,0,0,0,0,0,0,0,41,1466,C108,[1783]
26644,MON,19,9,0,1,1,1,1,0,0,0,0,0,0,0,15,1450,RR03,[1769]
26719,MON,28,9,0,1,1,1,1,0,0,0,0,0,0,0,27,1439,C101,[1776]
27278,TUES,1,36,1,1,0,0,0,0,0,0,0,0,0,0,103,,-,[1802]
26975,TUES,1,36,0,0,0,0,0,0,0,0,0,0,1,0,99,,-,[1781]
26980,TUES,1,36,0,0,1,0,0,0,0,0,0,0,0,0,102,,-,[1780]
27280,TUES,1,36,0,0,0,0,1,0,0,0,0,0,0,0,101,,-,[1802]
26981,TUES,1,36,1,1,0,0,0,0,0,0,0,0,0,0,102,,-,[1782]
27279,TUES,1,36,0,0,1,1,0,0,0,0,0,0,0,0,102,,-,[1802]
26970,TUES,1,36,0,0,0,0,0,0,0,0,0,0,1,0,99,,-,[1780]
26983,TUES,1,36,0,0,1,0,0,0,0,0,0,0,0,0,102,,-,[1781]
26982,TUES,1,18,0,0,0,0,0,0,0,0,1,1,0,0,102,,-,[1776]
27281,TUES,1,36,0,0,0,0,0,0,0,0,0,0,1,0,100,,-,[1802]
27282,TUES,1,36,0,0,0,0,0,0,0,0,0,1,0,0,99,,-,[1802]
26949,TUES,1,36,0,0,0,0,0,0,1,1,0,0,0,0,103,,-,[1776]
26944,TUES,1,36,0,0,0,0,0,0,1,1,1,0,0,0,98,,-,[1781]
26939,TUES,1,36,0,0,1,1,1,0,0,0,0,0,0,0,98,,-,[1776]
26937,TUES,1,36,0,0,0,0,0,0,1,1,1,0,0,0,98,,-,[1782]
26936,TUES,1,36,0,0,0,0,0,0,1,1,1,0,0,0,98,,-,[1780]
26900,TUES,1,36,0,0,0,0,0,0,0,0,1,1,1,0,23,1448,R111,[1793]
26927,TUES,1,13,0,0,0,0,0,0,1,1,1,1,0,0,94,,-,[1792]
26922,TUES,1,36,0,1,1,1,1,1,1,1,1,1,0,0,7,,-,[1779]
26953,TUES,1,36,0,0,0,1,1,0,0,0,0,0,0,0,103,,-,[1781]
26917,TUES,19,18,0,0,0,1,1,0,0,0,0,0,0,0,8,1465,RR03,[1769]
26957,TUES,1,36,0,1,0,0,0,0,0,0,0,0,0,0,101,,-,[1780]
26972,TUES,1,36,0,0,0,0,0,0,0,0,0,0,1,0,99,,-,[1776]
26969,TUES,1,36,0,0,1,0,0,0,0,0,0,0,0,0,99,,-,[1782]
26967,TUES,1,36,0,1,0,0,0,0,0,0,0,0,0,0,101,,-,[1781]
27283,TUES,1,36,0,0,0,0,0,0,1,1,1,0,0,0,98,,-,[1802]
27290,TUES,1,36,0,0,0,0,0,0,1,1,1,1,1,1,86,1459,-,-
26961,TUES,19,18,0,0,0,0,0,0,0,0,1,1,0,0,101,,-,[1776]
26959,TUES,1,36,0,1,1,1,1,1,1,1,1,1,0,0,7,,-,[1783]
26958,TUES,1,36,0,0,0,0,1,0,0,0,0,0,0,0,101,,-,[1782]
26921,TUES,1,36,0,1,1,1,1,1,1,1,1,1,0,0,7,,-,[1777]
26987,TUES,1,36,0,0,0,0,0,0,0,0,0,1,0,0,100,,-,[1780]
27145,TUES,19,9,0,1,1,1,1,0,0,0,0,0,0,0,144,1466,C103,[1798]
27177,TUES,1,18,0,1,1,0,0,0,0,0,0,0,0,0,134,1467,RR05,[1771]
27178,TUES,19,18,0,0,0,1,1,0,0,0,0,0,0,0,9,1449,RR05,[1771]
27179,TUES,1,18,0,1,1,0,0,0,0,0,0,0,0,0,9,1449,RR06,[1772]
27180,TUES,19,18,0,0,0,1,1,0,0,0,0,0,0,0,134,1467,RR06,[1772]
27194,TUES,19,9,0,0,0,0,0,0,1,1,1,1,0,0,44,1441,C307,[1785]
27105,TUES,1,18,0,0,0,1,1,0,0,0,0,0,0,0,8,1445,RR06,[1772]
27104,TUES,1,36,0,1,1,1,1,0,0,0,0,0,0,0,86,1451,-,-
27195,TUES,28,9,0,0,0,0,0,0,1,1,1,1,0,0,36,1441,C307,[1785]
27100,TUES,19,18,0,0,0,0,0,0,1,1,0,0,0,0,109,1461,C305,[1770]
27205,TUES,1,18,0,0,0,1,1,0,0,0,0,0,0,0,134,1467,RR03,[1769]
27092,TUES,19,9,0,1,1,1,1,0,0,0,0,0,0,0,95,1464,C103,[1785]
27176,TUES,19,18,0,1,1,0,0,0,0,0,0,0,0,0,134,1467,RR04,[1770]
27175,TUES,1,18,0,0,0,1,1,0,0,0,0,0,0,0,9,1449,RR04,[1770]
27144,TUES,1,9,0,0,0,0,0,0,1,1,1,1,0,0,143,1449,C103,[1798]
27143,TUES,10,9,0,1,1,1,1,0,0,0,0,0,0,0,142,1439,C101,[1798]
27146,TUES,19,9,0,0,0,0,0,0,1,1,1,1,0,0,145,1455,RR04,[1798]
27147,TUES,10,9,0,0,0,0,0,0,1,1,1,1,0,0,18,1457,C101,[1798]
27142,TUES,1,9,0,1,1,1,1,0,0,0,0,0,0,0,141,1439,C101,[1798]
27148,TUES,28,9,0,1,1,1,1,0,0,0,0,0,0,0,146,1466,C101,[1798]
27156,TUES,1,36,0,1,0,0,0,0,0,0,0,0,0,0,109,1441,C305,[1799]
27157,TUES,1,36,0,0,1,1,1,0,0,0,0,0,0,0,108,1441,C305,[1799]
27160,TUES,1,36,0,0,0,0,0,0,1,0,0,0,0,0,148,1465,C101,[1799]
27161,TUES,1,36,0,0,0,0,0,0,0,1,1,1,0,0,111,1465,C101,[1799]
27174,TUES,19,18,0,1,1,0,0,0,0,0,0,0,0,0,9,1449,RR03,[1769]
27090,TUES,1,36,0,0,0,0,0,0,0,0,0,0,0,1,86,1450,-,-
27080,TUES,1,36,0,0,1,1,1,0,0,0,0,0,0,0,128,1462,C309,[1794]
27035,TUES,19,18,0,0,0,0,0,0,0,0,1,1,1,0,108,1461,C305,[1770]
27273,TUES,1,36,0,0,0,0,0,0,0,0,0,0,1,0,99,,-,[1797]
27032,TUES,19,18,0,0,0,0,0,0,1,1,1,1,1,0,110,1453,C303,[1771]
27030,TUES,19,18,0,0,0,0,0,0,1,1,1,1,1,0,110,1468,C315,[1769]
27029,TUES,1,36,1,1,1,1,1,1,1,1,1,1,1,1,90,1463,-,-
27023,TUES,14,13,0,0,0,0,0,0,1,1,1,1,0,0,94,,-,[1792]
27015,TUES,1,18,0,1,1,1,1,0,0,0,0,0,0,0,107,1456,-,-
27012,TUES,19,9,0,1,1,1,1,0,0,0,0,0,0,0,56,1468,C315,[1786]
26993,TUES,1,36,0,0,0,0,0,0,0,0,0,1,0,0,100,,-,[1781]
27248,TUES,1,36,0,0,0,0,0,0,1,1,1,1,0,0,86,1449,-,-
26990,TUES,1,36,0,1,0,0,0,0,0,0,0,0,0,0,100,,-,[1776]
27272,TUES,1,36,0,0,0,0,0,0,0,0,0,1,0,0,100,,-,[1797]
27037,TUES,19,18,0,1,1,0,0,0,0,0,0,0,0,0,8,1445,RR06,[1772]
27079,TUES,1,36,0,1,0,0,0,0,0,0,0,0,0,0,127,1462,C309,[1794]
27149,TUES,28,9,0,0,0,0,0,0,1,1,1,1,0,0,138,1455,RR04,[1798]
27263,TUES,1,36,0,1,1,1,1,1,1,1,1,1,1,0,7,,-,[1778]
27062,TUES,1,36,0,0,0,0,0,0,0,0,0,1,1,0,103,,-,[1782]
27058,TUES,1,36,0,0,0,1,1,0,0,0,0,0,0,0,103,,-,[1780]
27268,TUES,1,36,0,0,1,0,0,0,0,0,0,0,0,0,102,,-,[1797]
27269,TUES,1,36,0,1,0,0,0,0,0,0,0,0,0,0,101,,-,[1797]
27270,TUES,1,36,0,0,0,1,1,0,0,0,0,0,0,0,103,,-,[1797]
27047,TUES,1,36,0,0,0,0,0,0,0,1,1,1,0,0,110,1440,C301,[1794]
27046,TUES,1,36,0,0,0,0,0,0,1,0,0,0,0,0,118,1440,C301,[1794]
27271,TUES,1,36,0,0,0,0,0,0,1,1,1,0,0,0,98,,-,[1797]
26988,TUES,1,36,0,0,0,1,0,0,0,0,0,0,0,0,100,,-,[1782]
26899,TUES,1,36,0,0,0,0,0,0,1,1,0,0,0,0,88,1448,R111,[1793]
26668,TUES,1,18,0,0,0,1,1,0,0,0,0,0,0,0,8,1442,RR05,[1771]
26699,TUES,1,9,0,1,1,1,1,0,0,0,0,0,0,0,13,1466,C303,[1773]
26700,TUES,10,9,0,1,1,1,1,0,0,0,0,0,0,0,14,1466,C303,[1773]
26701,TUES,19,9,0,1,1,1,1,0,0,0,0,0,0,0,15,1457,C113,[1773]
26702,TUES,28,9,0,1,1,1,1,0,0,0,0,0,0,0,16,1457,C113,[1773]
26703,TUES,1,9,0,0,0,0,0,0,1,1,1,1,0,0,3,1444,C113,[1773]
26704,TUES,10,9,0,0,0,0,0,0,1,1,1,1,0,0,10,1444,C113,[1773]
26705,TUES,19,9,0,0,0,0,0,0,1,1,1,1,0,0,11,1459,C313,[1773]
26706,TUES,28,9,0,0,0,0,0,0,1,1,1,1,0,0,12,1459,C313,[1773]
26835,TUES,1,13,0,1,1,1,1,0,0,0,0,0,0,0,66,1443,HEPIA,[1790]
26836,TUES,14,13,0,1,1,1,1,0,0,0,0,0,0,0,65,1443,HEPIA,[1790]
26842,TUES,1,13,0,0,0,0,0,0,1,1,1,1,0,0,72,1454,R105,[1791]
26686,TUES,19,9,0,0,0,0,0,0,1,1,1,1,0,0,11,1462,C311,[1772]
26687,TUES,28,9,0,0,0,0,0,0,1,1,1,1,0,0,12,1462,C311,[1772]
26856,TUES,14,13,0,1,1,1,1,0,0,0,0,0,0,0,80,1455,R104,[1792]
26853,TUES,1,13,0,1,1,1,1,0,0,0,0,0,0,0,80,1455,R104,[1792]
26688,TUES,1,9,0,0,0,0,0,0,1,1,1,1,0,0,13,1451,RR06,[1772]
26689,TUES,10,9,0,0,0,0,0,0,1,1,1,1,0,0,14,1451,RR06,[1772]
26850,TUES,14,13,0,0,0,0,0,0,0,0,1,1,0,0,78,1454,R105,[1791]
26849,TUES,14,13,0,0,0,0,0,0,1,1,0,0,0,0,77,1454,R105,[1791]
26823,TUES,1,36,0,0,0,0,0,0,0,0,1,1,1,0,23,1438,R113,[1787]
26822,TUES,1,36,0,0,1,1,1,0,0,0,0,0,0,0,23,1438,R113,[1787]
26808,TUES,1,9,0,1,1,1,1,0,0,0,0,0,0,0,149,1468,C313,[1786]
26807,TUES,28,9,0,1,1,1,1,0,0,0,0,0,0,0,57,1464,C103,[1785]
26806,TUES,10,9,0,1,1,1,1,0,0,0,0,0,0,0,56,1468,C315,[1785]
26805,TUES,1,9,0,1,1,1,1,0,0,0,0,0,0,0,55,1459,C315,[1785]
26804,TUES,10,9,0,0,0,0,0,0,1,1,1,1,0,0,52,1459,C315,[1785]
26713,TUES,19,9,0,0,0,0,0,0,1,1,1,1,0,0,15,1457,C113,[1775]
26714,TUES,28,9,0,0,0,0,0,0,1,1,1,1,0,0,16,1457,C113,[1775]
26636,TUES,1,18,0,1,1,0,0,0,0,0,0,0,0,0,8,1465,RR03,[1769]
26809,TUES,10,9,0,1,1,1,1,0,0,0,0,0,0,0,150,1457,C313,[1786]
26810,TUES,28,9,0,1,1,1,1,0,0,0,0,0,0,0,152,1468,C315,[1786]
26712,TUES,10,9,0,1,1,1,1,0,0,0,0,0,0,0,10,1464,C307,[1775]
26813,TUES,19,9,0,0,0,0,0,0,1,1,1,1,0,0,151,1446,C103,[1786]
26707,TUES,1,9,0,0,0,0,0,0,1,1,1,1,0,0,13,1453,C303,[1775]
26708,TUES,10,9,0,0,0,0,0,0,1,1,1,1,0,0,14,1453,C303,[1775]
26709,TUES,19,9,0,1,1,1,1,0,0,0,0,0,0,0,11,1453,C303,[1775]
26812,TUES,10,9,0,0,0,0,0,0,1,1,1,1,0,0,54,1468,C313,[1786]
26811,TUES,1,9,0,0,0,0,0,0,1,1,1,1,0,0,53,1459,C313,[1786]
26710,TUES,28,9,0,1,1,1,1,0,0,0,0,0,0,0,12,1453,C303,[1775]
26711,TUES,1,9,0,1,1,1,1,0,0,0,0,0,0,0,3,1464,C307,[1775]
26793,TUES,1,36,0,0,0,0,0,0,0,0,1,1,1,0,23,1437,R106,[1784]
26656,TUES,10,9,0,0,0,0,0,0,1,1,1,1,0,0,14,1464,RR04,[1770]
26681,TUES,1,18,0,0,0,0,0,0,0,1,1,1,1,1,21,1443,RR05,[1771]
26889,TUES,1,36,1,1,0,0,0,0,0,0,0,0,0,0,88,1437,R106,[1784]
26652,TUES,19,18,0,0,0,1,1,0,0,0,0,0,0,0,8,1445,RR04,[1770]
26885,TUES,1,36,0,0,0,0,0,0,1,1,0,0,0,0,88,1438,R113,[1787]
26895,TUES,1,18,0,1,1,0,0,0,0,0,0,0,0,0,8,1445,RR04,[1770]
26896,TUES,19,18,0,1,1,0,0,0,0,0,0,0,0,0,8,1442,RR05,[1771]
26890,TUES,1,36,0,0,1,1,1,0,0,0,0,0,0,0,23,1437,R106,[1784]
26897,TUES,1,36,1,1,0,0,0,0,0,0,0,0,0,0,88,1448,R111,[1793]
26898,TUES,1,36,0,0,1,1,1,0,0,0,0,0,0,0,23,1448,R111,[1793]
26884,TUES,1,36,1,1,0,0,0,0,0,0,0,0,0,0,88,1438,R113,[1787]
26651,TUES,1,18,0,0,0,0,0,0,1,1,1,1,1,0,21,1456,RR03,[1769]
26883,TUES,1,36,0,0,0,0,0,0,1,1,0,0,0,0,88,1437,R106,[1784]
26655,TUES,1,9,0,0,0,0,0,0,1,1,1,1,0,0,13,1464,RR04,[1770]
27042,WED,1,12,0,0,0,0,0,0,1,1,1,1,0,0,16,1464,C301,[1794]
26920,WED,1,36,0,1,1,1,1,1,1,1,1,1,0,0,7,,-,[1771]
26821,WED,19,9,0,0,0,0,0,0,1,1,1,1,0,0,51,1458,R113,[1787]
27044,WED,25,12,0,0,0,0,0,0,1,1,1,1,0,0,11,1468,C311,[1794]
26819,WED,19,9,0,1,1,1,1,0,0,0,0,0,0,0,50,1465,R113,[1787]
27171,WED,13,12,0,0,0,0,0,0,0,1,1,1,0,0,153,1440,C305,[1800]
27043,WED,13,12,0,0,0,0,0,0,1,1,1,1,0,0,61,1468,C311,[1794]
26891,WED,1,18,0,0,0,0,0,0,1,0,0,0,0,0,62,1463,C108,[1783]
27172,WED,19,18,1,1,0,0,0,0,0,0,0,0,0,0,88,1441,R106,[1784]
27296,WED,1,18,1,0,0,0,0,0,0,0,0,0,0,0,62,1439,C105,[1802]
27193,WED,28,9,0,0,0,0,0,0,1,1,1,1,1,0,47,1466,R113,[1787]
26722,WED,1,18,0,0,1,1,1,0,0,0,0,0,0,0,23,1451,RR05,[1776]
27162,WED,1,36,0,1,0,0,0,0,0,0,0,0,0,0,119,1468,C301,[1799]
27163,WED,1,36,0,0,1,1,1,0,0,0,0,0,0,0,22,1468,C301,[1799]
27202,WED,28,9,1,1,1,1,1,0,0,0,0,0,0,0,47,1464,R111,[1793]
27024,WED,14,13,0,1,1,0,0,0,0,0,0,0,0,0,76,,R104,[1792]
27025,WED,14,13,0,0,0,1,1,0,0,0,0,0,0,0,81,,R104,[1792]
27164,WED,1,18,0,0,0,0,0,0,1,0,0,0,0,0,121,1456,C303,[1799]
27165,WED,1,18,0,0,0,0,0,0,0,1,1,1,0,0,122,1456,C303,[1799]
27199,WED,28,9,1,1,1,1,1,0,0,0,0,0,0,0,47,1450,R113,[1787]
27094,WED,19,18,0,1,1,1,1,0,0,0,0,0,0,0,41,1439,C108,[1783]
27093,WED,19,18,1,0,0,0,0,0,0,0,0,0,0,0,62,1439,C108,[1783]
27170,WED,1,12,0,0,0,0,0,0,0,1,1,1,0,0,25,1453,C305,[1800]
27173,WED,19,18,0,0,1,1,1,0,0,0,0,0,0,0,23,1441,R106,[1784]
26818,WED,10,9,0,1,1,1,1,0,0,0,0,0,0,0,43,1462,C307,[1787]
27066,WED,1,18,0,1,1,1,0,0,0,0,0,0,0,0,38,1446,C315,[1795]
27067,WED,19,18,0,1,1,1,0,0,0,0,0,0,0,0,116,1462,C315,[1795]
27086,WED,1,36,0,0,0,0,0,0,0,0,0,0,0,1,86,1441,-,-
27085,WED,1,36,1,1,1,1,1,1,1,1,1,1,1,1,86,1445,-,-
26794,WED,1,18,1,1,1,1,1,0,0,0,0,0,0,0,48,1464,C101,[1784]
26904,WED,19,18,0,0,0,0,0,0,0,0,1,1,1,0,49,1441,R111,[1793]
26903,WED,19,18,0,0,0,0,0,0,1,1,0,0,0,0,84,1441,R111,[1793]
26902,WED,1,18,0,0,0,0,0,0,1,1,1,1,1,0,48,1454,C101,[1793]
27083,WED,19,18,0,1,1,1,1,0,0,0,0,0,0,0,46,1444,RR04,[1777]
27082,WED,19,18,0,1,1,1,1,0,0,0,0,0,0,0,46,1447,RR06,[1778]
26797,WED,19,18,0,0,0,0,0,0,0,0,1,1,1,0,49,1460,C315,[1784]
26795,WED,1,18,0,0,0,0,0,0,0,0,1,1,1,0,59,1460,R106,[1784]
27049,WED,13,12,0,1,1,1,1,0,0,0,0,0,0,0,6,1459,C303,[1794]
27299,WED,1,18,0,0,0,0,0,0,0,1,1,1,1,0,41,1439,C105,[1802]
27061,WED,1,36,0,0,0,0,0,0,0,0,0,0,1,0,103,,-,[1795]
26817,WED,1,9,0,1,1,1,1,0,0,0,0,0,0,0,42,1462,C307,[1787]
27048,WED,1,12,0,1,1,1,1,0,0,0,0,0,0,0,19,1459,C303,[1794]
27050,WED,25,12,0,1,1,1,1,0,0,0,0,0,0,0,120,1443,C303,[1794]
27187,WED,1,36,0,0,0,0,0,0,1,1,1,1,1,0,108,1450,C109,[1782]
27186,WED,1,18,1,1,1,1,1,0,0,0,0,0,0,0,115,1465,C109,[1782]
26919,WED,1,36,0,1,1,1,1,1,1,1,1,1,0,0,7,,-,[1770]
27185,WED,19,18,1,1,1,1,1,0,0,0,0,0,0,0,112,1455,C109,[1782]
26918,WED,1,36,0,1,1,1,1,1,1,1,1,1,0,0,7,,-,[1769]
27297,WED,1,18,0,1,1,1,1,0,0,0,0,0,0,0,41,1439,C105,[1802]
26915,WED,19,9,0,1,1,1,1,0,0,0,0,0,0,0,44,1466,R111,[1793]
27059,WED,1,36,0,0,0,0,0,0,0,1,1,1,0,0,98,,-,[1795]
27060,WED,1,36,0,0,0,0,1,1,0,0,0,0,0,0,101,,-,[1795]
27081,WED,19,18,0,1,1,1,1,0,0,0,0,0,0,0,46,1451,RR05,[1776]
27298,WED,1,18,0,0,0,0,0,0,1,0,0,0,0,0,62,1439,C105,[1802]
26879,WED,1,18,1,1,0,0,0,0,0,0,0,0,0,0,88,1447,RR06,[1778]
27139,WED,1,18,1,1,1,1,1,0,0,0,0,0,0,0,37,1450,C309,[1793]
26747,WED,1,36,0,0,0,0,0,0,0,0,1,1,1,0,23,1447,RR06,[1778]
26746,WED,1,18,0,0,1,1,1,0,0,0,0,0,0,0,23,1447,RR06,[1778]
26862,WED,1,13,0,0,0,1,1,0,0,0,0,0,0,0,81,,R104,[1792]
26861,WED,1,13,0,1,1,0,0,0,0,0,0,0,0,0,76,,R104,[1792]
26971,WED,1,36,0,0,0,0,0,0,0,1,0,0,0,0,99,,-,[1772]
26859,WED,1,13,0,0,0,0,0,0,1,1,1,1,0,0,71,1466,R104,[1792]
26865,WED,1,18,0,0,0,0,0,0,1,1,0,0,0,0,85,1460,R106,[1784]
26938,WED,1,36,0,1,1,1,0,0,0,0,0,0,0,0,98,,-,[1772]
26854,WED,14,13,0,0,0,0,0,0,1,1,1,1,0,0,69,1466,R104,[1792]
27119,WED,19,18,0,1,1,1,1,0,0,0,0,0,0,0,46,1461,RR03,[1779]
26960,WED,1,36,0,0,0,0,1,1,0,0,0,0,0,0,101,,-,[1772]
26881,WED,1,36,0,0,0,0,0,0,1,1,0,0,0,0,88,1461,RR03,[1779]
26878,WED,1,18,1,1,0,0,0,0,0,0,0,0,0,0,88,1444,RR04,[1777]
26877,WED,1,36,0,0,0,0,0,0,1,1,0,0,0,0,88,1444,RR04,[1777]
26773,WED,1,18,1,0,0,0,0,0,0,0,0,0,0,0,62,1463,C108,[1783]
26880,WED,1,36,0,0,0,0,0,0,1,1,0,0,0,0,88,1447,RR06,[1778]
26876,WED,1,36,0,0,0,0,0,0,1,1,0,0,0,0,88,1451,RR05,[1776]
26875,WED,1,18,1,1,0,0,0,0,0,0,0,0,0,0,88,1451,RR05,[1776]
26759,WED,1,18,0,0,1,1,1,0,0,0,0,0,0,0,23,1461,RR03,[1779]
26887,WED,19,18,0,0,0,0,0,0,1,1,0,0,0,0,84,1460,C315,[1784]
26760,WED,1,36,0,0,0,0,0,0,0,0,1,1,1,0,23,1461,RR03,[1779]
27138,WED,1,18,0,0,0,0,0,0,1,1,1,1,1,0,37,1462,C309,[1787]
27284,WED,1,36,0,0,0,1,1,1,0,0,0,0,0,0,98,,-,[1800]
26733,WED,1,36,0,0,0,0,0,0,0,0,1,1,1,0,23,1444,RR04,[1777]
26777,WED,1,18,0,1,1,1,1,0,0,0,0,0,0,0,41,1463,C108,[1783]
26782,WED,1,18,0,0,0,0,0,0,0,1,1,1,1,0,41,1463,C108,[1783]
26886,WED,1,18,1,1,0,0,0,0,0,0,0,0,0,0,88,1461,RR03,[1779]
26841,WED,14,13,0,0,0,0,0,0,1,1,1,1,0,0,69,1437,R105,[1791]
26840,WED,1,13,0,0,0,0,0,0,1,1,1,1,0,0,68,1448,R105,[1791]
27005,WED,19,18,0,0,0,0,0,0,0,1,1,1,1,0,41,1439,C108,[1783]
26996,WED,1,36,0,0,0,0,0,0,0,0,0,1,1,0,103,,-,[1772]
27286,WED,1,36,0,0,0,0,0,0,0,0,0,0,1,0,103,,-,[1800]
27004,WED,19,18,0,0,0,0,0,0,1,0,0,0,0,0,62,1439,C108,[1783]
26843,WED,14,13,0,1,1,1,1,0,0,0,0,0,0,0,72,1454,R105,[1791]
27223,WED,19,18,0,0,0,0,0,0,0,1,1,1,1,0,41,1452,C105,[1802]
26989,WED,1,36,0,0,0,0,0,0,0,0,1,0,0,0,100,,-,[1772]
27222,WED,19,18,0,0,0,0,0,0,1,0,0,0,0,0,62,1452,C105,[1802]
26844,WED,1,13,0,1,1,1,1,0,0,0,0,0,0,0,70,1448,R105,[1791]
27221,WED,19,18,0,1,1,1,1,0,0,0,0,0,0,0,41,1452,C105,[1802]
27285,WED,1,36,0,1,1,0,0,0,0,0,0,0,0,0,101,,-,[1800]
27220,WED,19,18,1,0,0,0,0,0,0,0,0,0,0,0,62,1452,C105,[1802]
26732,WED,1,18,0,0,1,1,1,0,0,0,0,0,0,0,23,1444,RR04,[1777]
27153,WED,19,18,0,0,0,0,0,0,1,1,1,1,0,0,54,1464,C301,[1799]
26723,WED,1,36,0,0,0,0,0,0,0,0,1,1,1,0,23,1451,RR05,[1776]
26754,THURS,28,9,0,0,0,0,0,0,1,1,1,1,0,0,27,1457,C301,[1779]
26755,THURS,19,9,0,0,0,0,0,0,1,1,1,1,0,0,26,1440,C101,[1779]
26724,THURS,1,18,0,1,1,1,1,0,0,0,0,0,0,0,34,1454,C103,[1776]
26751,THURS,1,18,0,0,0,0,0,0,1,1,1,1,0,0,28,1452,C307,[1778]
26750,THURS,28,9,0,1,1,1,1,0,0,0,0,0,0,0,30,1450,C307,[1778]
26761,THURS,1,18,0,0,0,0,0,0,1,1,1,1,0,0,34,1438,C103,[1779]
26731,THURS,19,9,0,1,1,1,1,0,0,0,0,0,0,0,26,1449,C303,[1777]
26730,THURS,28,9,0,1,1,1,1,0,0,0,0,0,0,0,27,1451,C303,[1777]
26739,THURS,1,9,0,1,1,1,1,0,0,0,0,0,0,0,25,1453,C307,[1778]
26740,THURS,10,9,0,1,1,1,1,0,0,0,0,0,0,0,24,1453,C307,[1778]
26735,THURS,10,9,0,1,1,1,1,0,0,0,0,0,0,0,24,1448,C301,[1777]
26749,THURS,19,9,0,1,1,1,1,0,0,0,0,0,0,0,29,1450,C307,[1778]
26727,THURS,1,18,0,0,0,0,0,0,1,1,1,1,0,0,28,1447,C101,[1777]
26721,THURS,28,9,0,0,0,0,0,0,1,1,1,1,0,0,30,1447,C113,[1776]
26734,THURS,1,9,0,1,1,1,1,0,0,0,0,0,0,0,25,1448,C301,[1777]
26729,THURS,28,9,0,0,0,0,0,0,1,1,1,1,0,0,36,1444,C307,[1777]
27137,THURS,1,18,1,1,1,1,1,0,0,0,0,0,0,0,108,1461,C305,[1779]
26657,THURS,1,18,0,1,1,1,1,0,0,0,0,0,0,0,1,1445,RR04,[1770]
27259,THURS,1,36,0,0,0,0,0,0,1,0,0,0,0,0,101,,-,[1796]
27258,THURS,1,36,0,0,0,0,0,0,0,0,1,1,1,0,98,,-,[1801]
27257,THURS,1,36,0,0,0,0,0,0,0,0,1,1,1,0,98,,-,[1796]
27256,THURS,1,36,0,0,0,1,1,0,0,0,0,0,0,0,103,,-,[1801]
27255,THURS,1,36,0,0,0,1,1,0,0,0,0,0,0,0,103,,-,[1796]
26690,THURS,1,18,0,1,1,1,1,0,0,0,0,0,0,0,1,1463,RR06,[1772]
27237,THURS,19,18,0,0,0,0,0,0,0,1,1,1,1,0,41,1464,C105,[1802]
27236,THURS,19,18,0,0,0,0,0,0,1,0,0,0,0,0,62,1464,C105,[1802]
27235,THURS,19,18,0,1,1,1,1,0,0,0,0,0,0,0,41,1464,C105,[1802]
27234,THURS,19,18,1,0,0,0,0,0,0,0,0,0,0,0,62,1464,C105,[1802]
27260,THURS,1,36,0,0,0,0,0,0,1,0,0,0,0,0,101,,-,[1801]
27261,THURS,1,36,0,1,1,0,0,0,0,0,0,0,0,0,156,,-,[1796]
26659,THURS,19,18,0,1,1,1,1,0,0,0,0,0,0,0,18,1445,RR04,[1770]
26660,THURS,1,36,0,0,0,0,0,0,0,0,1,1,1,0,23,1445,RR04,[1770]
26675,THURS,1,18,0,1,1,1,1,0,0,0,0,0,0,0,1,1442,RR05,[1771]
26677,THURS,1,36,0,0,0,0,0,0,0,0,1,1,1,0,23,1442,RR05,[1771]
26678,THURS,19,18,0,1,1,1,1,0,0,0,0,0,0,0,18,1442,RR05,[1771]
27267,THURS,1,36,0,0,0,0,0,0,0,0,0,1,1,0,103,,-,[1799]
27266,THURS,1,36,0,0,0,0,0,0,1,1,0,0,0,0,101,,-,[1799]
27265,THURS,1,36,0,0,0,0,0,0,0,0,1,0,0,0,155,,-,[1799]
27264,THURS,1,36,0,0,1,1,1,0,0,0,0,0,0,0,98,,-,[1799]
27262,THURS,1,36,0,1,1,0,0,0,0,0,0,0,0,0,156,,-,[1801]
26692,THURS,1,36,0,0,0,0,0,0,0,0,1,1,1,0,23,1463,RR06,[1772]
26693,THURS,19,18,0,1,1,1,1,0,0,0,0,0,0,0,18,1463,RR06,[1772]
27196,THURS,1,9,0,1,1,1,1,0,0,0,0,0,0,0,53,1446,C315,[1788]
27192,THURS,1,18,1,1,1,1,1,0,0,0,0,0,0,0,111,1450,C109,[1782]
27191,THURS,1,18,0,0,0,0,0,0,1,1,1,1,1,0,22,1453,C313,[1782]
27190,THURS,19,18,0,0,0,0,0,0,1,1,1,1,1,0,110,1462,C313,[1782]
27189,THURS,19,18,1,1,1,1,1,0,0,0,0,0,0,0,22,1440,C313,[1782]
27292,THURS,1,36,0,0,0,0,0,0,0,0,0,0,0,1,83,1445,-,[1770]
26648,THURS,19,18,0,1,1,1,1,0,0,0,0,0,0,0,18,1465,RR03,[1769]
26647,THURS,1,36,0,0,0,0,0,0,0,0,1,1,1,0,23,1465,RR03,[1769]
26643,THURS,1,18,0,1,1,1,1,0,0,0,0,0,0,0,1,1465,RR03,[1769]
27979,THURS,1,36,0,0,0,0,1,0,0,0,0,0,0,0,92,,C311,-
27197,THURS,1,9,0,0,0,0,0,0,1,1,1,1,0,0,54,1464,C315,[1788]
27295,THURS,1,18,0,1,1,1,1,0,0,0,0,0,0,0,93,1449,-,-
27227,THURS,1,18,0,0,0,0,0,0,0,1,1,1,1,0,41,1455,C105,[1802]
27226,THURS,1,18,0,0,0,0,0,0,1,0,0,0,0,0,62,1455,C105,[1802]
27225,THURS,1,18,0,1,1,1,1,0,0,0,0,0,0,0,41,1455,C105,[1802]
27224,THURS,1,18,1,0,0,0,0,0,0,0,0,0,0,0,62,1455,C105,[1802]
27291,THURS,1,36,0,0,0,0,0,0,0,0,0,0,0,1,83,1465,-,[1769]
27293,THURS,1,36,0,0,0,0,0,0,0,0,0,0,0,1,83,1442,-,[1771]
27204,THURS,28,9,0,0,0,0,0,0,1,1,1,1,1,0,47,1443,R111,[1793]
27203,THURS,28,9,1,1,1,1,1,0,0,0,0,0,0,0,47,1458,R111,[1793]
27294,THURS,1,36,0,0,0,0,0,0,0,0,0,0,0,1,83,1463,-,[1772]
27200,THURS,28,9,0,0,0,0,0,0,1,1,1,1,1,0,47,1458,R113,[1787]
26720,THURS,19,9,0,0,0,0,0,0,1,1,1,1,0,0,29,1447,C113,[1776]
26798,THURS,19,9,0,0,0,0,0,0,1,1,1,1,0,0,50,1455,R106,[1784]
27039,THURS,1,36,0,0,1,1,1,0,0,0,0,0,0,0,98,,-,[1794]
26825,THURS,1,9,0,0,0,0,0,0,1,1,1,1,0,0,46,1466,C113,[1787]
26827,THURS,19,9,0,0,0,0,0,0,1,1,1,1,0,0,57,1443,R113,[1787]
26829,THURS,1,9,0,0,1,1,1,1,0,0,0,0,0,0,44,1443,C101,[1789]
26830,THURS,1,9,0,0,0,0,0,0,0,1,1,1,1,0,50,1443,C301,[1789]
26831,THURS,1,13,0,1,1,1,1,0,0,0,0,0,0,0,63,1457,HEPIA,[1790]
26872,THURS,1,36,0,0,0,0,0,0,1,1,0,0,0,0,88,1442,RR05,[1771]
27021,THURS,14,13,0,0,0,0,0,0,0,0,1,1,0,0,76,,R105,[1791]
27040,THURS,1,36,0,0,0,0,0,0,0,0,0,1,1,0,101,,-,[1794]
27041,THURS,1,36,0,0,0,0,0,0,1,1,0,0,0,0,103,,-,[1794]
27045,THURS,1,36,0,0,0,0,0,0,0,0,0,0,0,1,83,1443,-,[1794]
26799,THURS,28,9,1,1,1,1,1,0,0,0,0,0,0,0,47,1447,R106,[1784]
26800,THURS,19,9,0,1,1,1,1,0,0,0,0,0,0,0,57,1452,R106,[1784]
27064,THURS,19,18,0,0,0,0,0,0,1,1,1,1,1,0,115,1452,C103,[1778]
27063,THURS,19,18,1,1,1,1,1,0,0,0,0,0,0,0,115,1454,C103,[1776]
26874,THURS,1,36,0,0,0,0,0,0,1,1,0,0,0,0,88,1463,RR06,[1772]
26952,THURS,1,36,0,1,1,0,0,0,0,0,0,0,0,0,103,,-,[1774]
26815,THURS,19,18,1,1,1,1,1,0,0,0,0,0,0,0,37,1462,C309,[1787]
26816,THURS,1,18,0,0,1,1,1,0,0,0,0,0,0,0,59,1441,R113,[1787]
27020,THURS,14,13,0,0,0,0,0,0,1,1,0,0,0,0,81,,R105,[1791]
26931,THURS,10,9,0,0,0,0,0,0,1,1,1,1,0,0,95,1443,R113,[1787]
27007,THURS,19,18,0,1,1,1,1,0,0,0,0,0,0,0,41,1468,C108,[1783]
27006,THURS,19,18,1,0,0,0,0,0,0,0,0,0,0,0,62,1468,C108,[1783]
26837,THURS,1,13,0,0,0,0,0,0,1,1,1,1,0,0,66,1457,HEPIA,[1790]
26852,THURS,1,13,0,0,0,0,0,0,0,0,1,1,0,0,79,1448,R104,[1792]
26838,THURS,14,13,0,0,0,0,0,0,1,1,1,1,0,0,65,1457,HEPIA,[1790]
26846,THURS,1,13,0,1,1,1,1,0,0,0,0,0,0,0,74,1466,R105,[1791]
26847,THURS,14,13,0,1,1,1,1,0,0,0,0,0,0,0,75,1437,R105,[1791]
26848,THURS,1,13,0,0,0,0,0,0,0,0,1,1,0,0,76,,R105,[1791]
27008,THURS,19,18,0,0,0,0,0,0,1,0,0,0,0,0,62,1468,C108,[1783]
27009,THURS,19,18,0,0,0,0,0,0,0,1,1,1,1,0,41,1468,C108,[1783]
26857,THURS,1,13,0,1,1,1,1,0,0,0,0,0,0,0,72,1438,R104,[1792]
26870,THURS,1,36,0,0,0,0,0,0,1,1,0,0,0,0,88,1445,RR04,[1770]
26832,THURS,14,13,0,1,1,1,1,0,0,0,0,0,0,0,65,1457,HEPIA,[1790]
27017,THURS,1,36,0,1,1,1,1,0,0,0,0,0,0,0,107,1456,-,-
26868,THURS,1,36,0,0,0,0,0,0,1,1,0,0,0,0,88,1465,RR03,[1769]
26964,THURS,1,36,0,0,0,0,0,0,0,1,1,0,0,0,101,,-,[1774]
26866,THURS,1,18,1,1,0,0,0,0,0,0,0,0,0,0,85,1441,R113,[1787]
26860,THURS,14,13,0,0,0,0,0,0,1,1,1,1,0,0,74,1448,R104,[1792]
26858,THURS,14,13,0,1,1,0,0,0,0,0,0,0,0,0,72,1438,R104,[1792]
26851,THURS,1,13,0,0,0,0,0,0,1,1,0,0,0,0,79,1448,R104,[1792]
26792,THURS,1,18,0,0,0,0,0,0,0,0,1,1,1,0,23,1461,R106,[1784]
26882,THURS,1,18,0,0,0,0,0,0,1,1,0,0,0,0,88,1461,R106,[1784]
26901,THURS,1,36,1,1,1,1,1,1,1,1,1,1,1,1,90,1460,-,-
26905,THURS,1,9,0,1,1,1,1,0,0,0,0,0,0,0,45,1452,R111,[1793]
26911,THURS,19,9,0,1,1,1,1,0,0,0,0,0,0,0,50,1455,R111,[1793]
26783,THURS,1,18,0,0,0,0,0,0,1,0,0,0,0,0,62,1458,C108,[1783]
27103,THURS,1,36,0,0,0,0,0,0,0,0,1,0,0,0,155,,-,[1794]
26930,THURS,10,9,0,1,1,1,1,0,0,0,0,0,0,0,95,1452,R106,[1784]
26774,THURS,1,18,1,0,0,0,0,0,0,0,0,0,0,0,62,1458,C108,[1783]
26778,THURS,1,18,0,1,1,1,1,0,0,0,0,0,0,0,41,1458,C108,[1783]
27087,THURS,1,36,1,1,1,1,1,1,1,1,1,1,1,0,86,1441,-,-
26728,THURS,19,9,0,0,0,0,0,0,1,1,1,1,0,0,35,1444,C307,[1777]
26907,THURS,10,9,0,1,1,1,1,0,0,0,0,0,0,0,58,1447,R111,[1793]
26784,THURS,1,18,0,0,0,0,0,0,0,1,1,1,1,0,41,1458,C108,[1783]
26789,THURS,1,9,0,1,1,1,1,0,0,0,0,0,0,0,45,1451,R106,[1784]
26892,THURS,14,13,0,0,0,1,1,0,0,0,0,0,0,0,68,1438,R104,[1792]
26913,THURS,1,18,0,0,0,0,0,0,0,0,1,1,1,0,59,1451,R111,[1793]
26791,THURS,28,9,0,0,0,0,0,0,1,1,1,1,1,0,47,1437,R106,[1784]
27112,THURS,1,36,0,0,0,0,0,0,0,1,0,0,0,0,139,1449,-,"[1796,1801]"
26912,THURS,1,18,0,0,0,0,0,0,1,1,0,0,0,0,85,1451,R111,[1793]
26762,THURS,19,9,0,1,1,1,1,0,0,0,0,0,0,0,35,1461,C301,[1779]
26942,THURS,1,36,0,0,0,1,1,1,1,0,0,0,0,0,98,,-,[1774]
26763,THURS,28,9,0,1,1,1,1,0,0,0,0,0,0,0,36,1461,C301,[1779]
27126,THURS,1,18,0,0,0,0,0,0,1,1,1,1,1,0,108,1450,C305,[1776]
26916,THURS,19,9,0,0,0,0,0,0,1,1,1,1,0,0,51,1451,R111,[1793]
26894,THURS,1,13,0,0,0,0,0,0,1,1,0,0,0,0,81,,R105,[1791]
27253,FRI,19,18,0,1,0,0,0,0,0,0,0,0,0,0,130,1457,C105,[1802]
27254,FRI,19,18,0,0,1,1,1,0,0,0,0,0,0,0,129,1457,C105,[1802]
27245,FRI,19,9,0,1,1,1,1,0,0,0,0,0,0,0,136,1452,R123,[1801]
26968,FRI,1,36,0,0,0,0,0,0,1,0,0,0,0,0,101,,-,[1793]
26978,FRI,1,36,0,0,0,0,0,0,1,0,0,0,0,0,102,,-,[1789]
27243,FRI,1,9,0,0,0,0,0,0,1,1,1,1,0,0,26,1452,R111,[1801]
27244,FRI,10,9,0,1,1,1,1,0,0,0,0,0,0,0,133,1439,R111,[1801]
27246,FRI,28,9,0,0,0,0,0,0,1,1,1,1,0,0,138,1450,R123,[1801]
28643,FRI,1,18,0,1,1,1,1,0,0,0,0,0,0,0,107,1456,-,-
26691,FRI,1,36,0,0,0,0,0,0,0,0,1,1,1,0,23,1463,RR06,[1772]
26641,FRI,1,9,0,1,1,1,1,0,0,0,0,0,0,0,13,1451,RR03,[1769]
26979,FRI,1,36,0,0,0,0,0,0,1,0,0,0,0,0,102,,-,[1788]
26642,FRI,10,9,0,1,1,1,1,0,0,0,0,0,0,0,14,1451,RR03,[1769]
27247,FRI,19,9,0,0,0,0,0,0,1,1,1,1,0,0,135,1452,R123,[1801]
26646,FRI,1,36,0,0,0,0,0,0,0,0,1,1,1,0,23,1465,RR03,[1769]
27242,FRI,1,9,0,1,1,1,1,0,0,0,0,0,0,0,132,1467,C101,[1801]
26867,FRI,1,36,0,0,0,0,0,0,1,1,0,0,0,0,88,1465,RR03,[1769]
26871,FRI,1,36,0,0,0,0,0,0,1,1,0,0,0,0,88,1442,RR05,[1771]
26873,FRI,1,36,0,0,0,0,0,0,1,1,0,0,0,0,88,1463,RR06,[1772]
26934,FRI,1,36,0,0,0,0,0,0,0,0,1,1,1,0,98,,-,[1789]
26676,FRI,1,36,0,0,0,0,0,0,0,0,1,1,1,0,23,1442,RR05,[1771]
26935,FRI,1,36,0,0,0,0,0,0,0,0,1,1,1,0,98,,-,[1788]
26674,FRI,10,9,0,1,1,1,1,0,0,0,0,0,0,0,14,1437,RR05,[1771]
26947,FRI,1,36,0,0,0,1,1,0,0,0,0,0,0,0,103,,-,[1789]
26673,FRI,1,9,0,1,1,1,1,0,0,0,0,0,0,0,13,1437,RR05,[1771]
26658,FRI,1,36,0,0,0,0,0,0,0,0,1,1,1,0,23,1445,RR04,[1770]
26948,FRI,1,36,0,0,0,1,1,0,0,0,0,0,0,0,103,,-,[1788]
26943,FRI,1,36,0,0,0,0,0,0,0,0,1,1,1,0,98,,-,[1793]
27287,FRI,19,18,0,1,0,0,0,0,0,0,0,0,0,0,121,1440,C303,[1799]
27288,FRI,19,18,0,0,1,1,1,0,0,0,0,0,0,0,122,1440,C303,[1799]
26954,FRI,1,36,0,0,0,1,1,0,0,0,0,0,0,0,103,,-,[1793]
26923,FRI,1,36,0,1,1,1,1,1,1,1,1,1,0,0,7,,-,[1779]
26869,FRI,1,36,0,0,0,0,0,0,1,1,0,0,0,0,88,1445,RR04,[1770]
26924,FRI,1,36,0,1,1,1,1,1,1,1,1,1,0,0,7,,-,[1787]
26925,FRI,1,36,0,1,1,1,1,1,1,1,1,1,0,0,7,,-,[1784]
26926,FRI,1,13,0,0,0,0,0,0,1,1,1,1,0,0,94,,-,[1791]
26928,FRI,1,13,0,1,1,1,1,0,0,0,0,0,0,0,94,,-,[1792]
26956,FRI,1,36,0,0,0,0,0,0,0,1,0,0,0,0,101,,-,[1788]
26955,FRI,1,36,0,0,0,0,0,0,0,1,0,0,0,0,101,,-,[1789]
26683,FRI,28,9,0,1,1,1,1,0,0,0,0,0,0,0,16,1447,RR05,[1771]
26929,FRI,1,13,0,0,0,0,0,0,1,1,1,1,0,0,94,,-,[1792]
26682,FRI,19,9,0,1,1,1,1,0,0,0,0,0,0,0,15,1447,RR05,[1771]
26661,FRI,1,18,1,1,1,1,1,0,0,0,0,0,0,0,21,1458,RR04,[1770]
27125,FRI,28,9,0,1,1,1,1,0,0,0,0,0,0,0,137,1469,R106,[1796]
27106,FRI,1,12,0,1,1,1,1,0,0,0,0,0,0,0,40,1450,C301,[1774]
27108,FRI,25,12,0,1,1,1,1,0,0,0,0,0,0,0,16,1450,C301,[1774]
26779,FRI,1,18,0,0,1,1,1,0,0,0,0,0,0,0,129,1460,R113,[1783]
27099,FRI,19,18,1,1,0,0,0,0,0,0,0,0,0,0,109,1463,C305,[1769]
27098,FRI,1,36,0,0,0,0,0,0,0,1,1,1,0,0,108,1438,C305,[1794]
27097,FRI,1,36,0,0,0,0,0,0,1,0,0,0,0,0,109,1438,C305,[1794]
27166,FRI,1,18,0,0,0,0,0,0,1,1,1,1,1,0,37,1464,C309,[1777]
27167,FRI,28,9,0,0,0,0,0,0,1,1,1,1,1,0,111,1460,C101,[1777]
27168,FRI,19,18,1,0,0,0,0,0,0,0,0,0,0,0,113,1465,C113,[1777]
27169,FRI,19,18,0,1,1,1,1,0,0,0,0,0,0,0,114,1465,C113,[1777]
27091,FRI,1,36,0,0,0,0,0,0,1,1,1,1,1,0,86,1455,-,-
27088,FRI,1,36,1,1,1,1,1,1,1,1,1,1,1,0,86,1441,-,-
27152,FRI,1,18,0,1,1,1,1,0,0,0,0,0,0,0,40,1468,C303,[1799]
27076,FRI,19,9,1,1,1,1,1,0,0,0,0,0,0,0,111,1461,C101,[1778]
27107,FRI,13,12,0,1,1,1,1,0,0,0,0,0,0,0,54,1446,C301,[1774]
27151,FRI,19,18,0,0,0,0,0,0,1,1,1,1,0,0,38,1459,C301,[1799]
27150,FRI,1,18,0,0,0,0,0,0,1,1,1,1,0,0,12,1462,C315,[1799]
27124,FRI,28,9,0,0,0,0,0,0,1,1,1,1,0,0,138,1452,R106,[1796]
27123,FRI,19,9,0,0,0,0,0,0,1,1,1,1,0,0,136,1457,R106,[1796]
27122,FRI,19,9,0,1,1,1,1,0,0,0,0,0,0,0,135,1469,R106,[1796]
26775,FRI,1,18,0,1,0,0,0,0,0,0,0,0,0,0,130,1460,R113,[1783]
27118,FRI,10,9,0,0,0,0,0,0,1,1,1,1,0,0,133,1469,R106,[1796]
27117,FRI,10,9,0,1,1,1,1,0,0,0,0,0,0,0,132,1467,R106,[1796]
27116,FRI,1,36,0,0,1,1,1,0,0,0,0,0,0,0,21,1443,C307,[1794]
27115,FRI,1,36,0,1,0,0,0,0,0,0,0,0,0,0,117,1443,C307,[1794]
26743,FRI,1,18,0,0,0,0,0,0,1,1,1,1,1,0,37,1440,C307,[1778]
27114,FRI,1,9,0,1,1,1,1,0,0,0,0,0,0,0,131,1469,R106,[1796]
27113,FRI,1,9,0,0,0,0,0,0,1,1,1,1,0,0,26,1456,R106,[1796]
27111,FRI,25,12,0,0,0,0,0,0,1,1,1,1,1,0,12,1453,C303,[1774]
27110,FRI,1,12,0,0,0,0,0,0,1,1,1,1,1,0,11,1453,C303,[1774]
27109,FRI,13,12,0,0,0,0,0,0,1,1,1,1,1,0,61,1453,C303,[1774]
27065,FRI,19,9,0,0,0,0,0,0,1,1,1,1,1,0,111,1443,C101,[1776]
27057,FRI,19,18,0,0,0,0,0,0,0,1,1,1,1,0,114,1464,C103,[1778]
27056,FRI,19,18,0,0,0,0,0,0,1,0,0,0,0,0,113,1464,C103,[1778]
27216,FRI,28,9,0,0,0,0,0,0,1,1,1,1,0,0,125,1443,C307,[1776]
27217,FRI,19,9,0,0,0,0,0,0,1,1,1,1,0,0,125,1449,C113,[1777]
27218,FRI,28,9,0,1,1,1,1,0,0,0,0,0,0,0,125,1461,C101,[1778]
26834,FRI,14,13,0,0,0,0,0,0,1,1,1,1,0,0,65,1454,HEPIA,[1790]
27011,FRI,19,18,0,0,1,1,1,0,0,0,0,0,0,0,129,1442,R113,[1783]
27010,FRI,19,18,0,1,0,0,0,0,0,0,0,0,0,0,130,1442,R113,[1783]
27228,FRI,1,18,0,1,0,0,0,0,0,0,0,0,0,0,130,1457,C105,[1802]
27229,FRI,1,18,0,0,1,1,1,0,0,0,0,0,0,0,129,1457,C105,[1802]
26697,FRI,19,9,0,1,1,1,1,0,0,0,0,0,0,0,15,1456,RR06,[1772]
26696,FRI,1,18,1,1,1,1,1,0,0,0,0,0,0,0,21,1444,RR06,[1772]
26986,FRI,1,36,0,0,0,0,0,0,0,1,0,0,0,0,102,,-,[1793]
27238,FRI,10,9,0,0,0,0,0,0,1,1,1,1,0,0,131,1452,C101,[1801]
27239,FRI,1,13,0,1,1,1,1,0,0,0,0,0,0,0,87,1449,-,[1791]
27240,FRI,14,13,0,1,1,1,1,0,0,0,0,0,0,0,87,1449,-,[1791]
27215,FRI,1,18,1,1,1,1,1,0,0,0,0,0,0,0,110,1459,C315,[1777]
27214,FRI,1,18,1,1,1,1,1,0,0,0,0,0,0,0,110,1440,C313,[1778]
27213,FRI,1,18,0,0,0,0,0,0,1,1,1,1,1,0,110,1458,C313,[1776]
27055,FRI,19,18,0,1,1,1,1,0,0,0,0,0,0,0,114,1466,C103,[1776]
27054,FRI,19,18,1,0,0,0,0,0,0,0,0,0,0,0,113,1466,C103,[1776]
27188,FRI,1,36,1,1,1,1,1,0,0,0,0,0,0,0,114,1464,C109,[1782]
27034,FRI,19,18,0,0,1,1,1,0,0,0,0,0,0,0,108,1463,C305,[1769]
27031,FRI,19,18,1,1,1,1,1,0,0,0,0,0,0,0,110,1458,C313,[1770]
27028,FRI,1,18,1,1,1,1,1,0,0,0,0,0,0,0,37,1462,C309,[1776]
27027,FRI,14,13,0,0,0,0,0,0,1,1,1,1,0,0,94,,-,[1792]
27026,FRI,14,13,0,1,1,1,1,0,0,0,0,0,0,0,94,,-,[1792]
27022,FRI,14,13,0,0,0,0,0,0,1,1,1,1,0,0,94,,-,[1791]
27206,FRI,28,9,0,0,0,0,0,0,1,1,1,1,1,0,47,,R113,-
27207,FRI,28,9,1,1,1,1,1,0,0,0,0,0,0,0,47,,R111,-
27208,FRI,28,9,0,0,0,0,0,0,1,1,1,1,1,0,47,,R111,-
26833,FRI,1,13,0,0,0,0,0,0,1,1,1,1,0,0,64,1454,HEPIA,[1790]
26698,FRI,28,9,0,1,1,1,1,0,0,0,0,0,0,0,16,1456,RR06,[1772]
27241,FRI,28,9,0,1,1,1,1,0,0,0,0,0,0,0,137,1452,R123,[1801]
